<keymap version="1" name="Visual Studio copy 1" parent="Visual Studio">
  <action id="Arrangement.Alias.Rule.Match.Condition.Move.Down" />
  <action id="Arrangement.Rule.Group.Condition.Move.Down" />
  <action id="Arrangement.Rule.Group.Condition.Move.Up" />
  <action id="Arrangement.Rule.Match.Condition.Move.Down" />
  <action id="Arrangement.Rule.Match.Condition.Move.Up" />
  <action id="Diff.NextChange" />
  <action id="EditorNextWord">
    <keyboard-shortcut first-keystroke="meta right" />
  </action>
  <action id="EditorPreviousWord">
    <keyboard-shortcut first-keystroke="meta left" />
  </action>
  <action id="EditorRightWithSelection">
    <keyboard-shortcut first-keystroke="shift right" />
  </action>
  <action id="EditorSelectWord">
    <keyboard-shortcut first-keystroke="shift alt right" />
  </action>
  <action id="List-selectNextColumnExtendSelection">
    <keyboard-shortcut first-keystroke="shift right" />
  </action>
  <action id="MethodDown" />
  <action id="MethodUp" />
  <action id="MoveLineDown">
    <keyboard-shortcut first-keystroke="meta down" />
    <keyboard-shortcut first-keystroke="alt down" />
  </action>
  <action id="MoveLineUp">
    <keyboard-shortcut first-keystroke="meta up" />
    <keyboard-shortcut first-keystroke="alt up" />
  </action>
  <action id="SelectAllOccurrences">
    <keyboard-shortcut first-keystroke="shift alt semicolon" />
    <keyboard-shortcut first-keystroke="shift ctrl k" />
  </action>
  <action id="SelectNextOccurrence">
    <keyboard-shortcut first-keystroke="shift alt period" />
    <keyboard-shortcut first-keystroke="ctrl w" />
  </action>
  <action id="ShowContent" />
  <action id="ShowSearchHistory" />
  <action id="Table-selectNextColumnExtendSelection">
    <keyboard-shortcut first-keystroke="shift right" />
  </action>
  <action id="UsageView.ShowRecentFindUsages" />
  <action id="Vcs.Push" />
</keymap>