<keymap version="1" name="Visual Studio copy" parent="Visual Studio">
  <action id="ActivateTerminalToolWindow">
    <keyboard-shortcut first-keystroke="ctrl back_quote" />
  </action>
  <action id="Arrangement.Rule.Group.Condition.Move.Up" />
  <action id="Arrangement.Rule.Match.Condition.Move.Down" />
  <action id="Arrangement.Rule.Match.Condition.Move.Up" />
  <action id="CheckinProject" />
  <action id="CollapseRegion">
    <keyboard-shortcut first-keystroke="shift ctrl open_bracket" />
  </action>
  <action id="CommentByBlockComment">
    <keyboard-shortcut first-keystroke="ctrl k" second-keystroke="c" />
  </action>
  <action id="CommentByLineComment">
    <keyboard-shortcut first-keystroke="ctrl alt slash" />
    <keyboard-shortcut first-keystroke="ctrl alt divide" />
    <keyboard-shortcut first-keystroke="ctrl k" second-keystroke="ctrl slash" />
  </action>
  <action id="Console.Execute.Multiline" />
  <action id="Console.Jdbc.Execute" />
  <action id="Diff.ApplyLeftSide" />
  <action id="DirDiffMenu.SynchronizeDiff.All" />
  <action id="EditorAddOrRemoveCaret">
    <mouse-shortcut keystroke="shift alt button1" />
  </action>
  <action id="EditorCloneCaretAbove">
    <keyboard-shortcut first-keystroke="shift alt up" />
  </action>
  <action id="EditorCloneCaretBelow">
    <keyboard-shortcut first-keystroke="shift alt down" />
  </action>
  <action id="EditorCodeBlockEndWithSelection" />
  <action id="EditorCodeBlockStartWithSelection" />
  <action id="EditorCreateRectangularSelectionOnMouseDrag">
    <mouse-shortcut keystroke="button2" />
  </action>
  <action id="EditorCutLineEnd">
    <keyboard-shortcut first-keystroke="ctrl l" />
  </action>
  <action id="EditorIndentSelection">
    <keyboard-shortcut first-keystroke="tab" />
    <keyboard-shortcut first-keystroke="ctrl close_bracket" />
  </action>
  <action id="EditorMatchBrace">
    <keyboard-shortcut first-keystroke="shift ctrl back_slash" />
  </action>
  <action id="EditorSelectWord">
    <keyboard-shortcut first-keystroke="shift alt right" />
  </action>
  <action id="EditorStartNewLineBefore">
    <keyboard-shortcut first-keystroke="ctrl enter" />
  </action>
  <action id="EditorToggleCase">
    <keyboard-shortcut first-keystroke="shift ctrl u" />
    <keyboard-shortcut first-keystroke="alt close_bracket" />
    <keyboard-shortcut first-keystroke="alt open_bracket" />
  </action>
  <action id="EditorUnindentSelection">
    <keyboard-shortcut first-keystroke="shift tab" />
    <keyboard-shortcut first-keystroke="ctrl open_bracket" />
  </action>
  <action id="ExpandRegion">
    <keyboard-shortcut first-keystroke="shift ctrl close_bracket" />
  </action>
  <action id="FindNext">
    <keyboard-shortcut first-keystroke="f3" />
  </action>
  <action id="FindPrevious">
    <keyboard-shortcut first-keystroke="shift f3" />
  </action>
  <action id="Git.Commit.And.Push.Executor" />
  <action id="Hg.Commit.And.Push.Executor" />
  <action id="MethodDown" />
  <action id="MethodUp" />
  <action id="MoveLineDown">
    <keyboard-shortcut first-keystroke="alt down" />
  </action>
  <action id="MoveLineUp">
    <keyboard-shortcut first-keystroke="alt up" />
  </action>
  <action id="NextEditorTab" />
  <action id="QuickChangeScheme" />
  <action id="ReformatCode">
    <keyboard-shortcut first-keystroke="ctrl alt enter" />
    <keyboard-shortcut first-keystroke="ctrl k" second-keystroke="f" />
    <keyboard-shortcut first-keystroke="ctrl k" second-keystroke="ctrl f" />
    <keyboard-shortcut first-keystroke="ctrl k" second-keystroke="d" />
    <keyboard-shortcut first-keystroke="ctrl k" second-keystroke="ctrl u" />
  </action>
  <action id="RunInspection" />
  <action id="SelectAllOccurrences">
    <keyboard-shortcut first-keystroke="shift ctrl k" />
  </action>
  <action id="SelectNextOccurrence">
    <keyboard-shortcut first-keystroke="ctrl w" />
  </action>
  <action id="ShowBookmarks" />
  <action id="ShowContent" />
  <action id="ShowExecutionPoint">
    <keyboard-shortcut first-keystroke="alt multiply" />
  </action>
  <action id="ShowReformatFileDialog" />
  <action id="ShowSearchHistory" />
  <action id="ShowUmlDiagram" />
  <action id="SplitVertically">
    <keyboard-shortcut first-keystroke="ctrl back_slash" />
  </action>
  <action id="StringManipulation.ToCamelCase">
    <keyboard-shortcut first-keystroke="alt semicolon" />
  </action>
  <action id="ToggleBookmark">
    <keyboard-shortcut first-keystroke="ctrl alt k" />
  </action>
  <action id="Vcs.Push" />
  <action id="ViewSource" />
  <action id="XDebugger.MoveWatchDown" />
  <action id="com.intellij.lang.jsgraphql.v1.ide.actions.JSGraphQLExecuteEditorAction" />
  <action id="de.netnexus.CamelCasePlugin.ToggleCamelCase">
    <keyboard-shortcut first-keystroke="shift alt u" />
    <keyboard-shortcut first-keystroke="alt quote" />
  </action>
  <action id="osmedile.intellij.stringmanip.ToLowerCaseAction">
    <keyboard-shortcut first-keystroke="alt open_bracket" />
  </action>
  <action id="osmedile.intellij.stringmanip.ToUpperCaseAction">
    <keyboard-shortcut first-keystroke="alt close_bracket" />
  </action>
  <action id="osmedile.intellij.stringmanip.WordsCapitalizeAction">
    <keyboard-shortcut first-keystroke="alt quote" />
  </action>
</keymap>