<keymap version="1" name="King Matt phpstorm" parent="Visual Studio">
  <action id="ActivateTerminalToolWindow">
    <keyboard-shortcut first-keystroke="ctrl back_quote" />
  </action>
  <action id="Arrangement.Rule.Group.Condition.Move.Up" />
  <action id="Arrangement.Rule.Match.Condition.Move.Down" />
  <action id="Arrangement.Rule.Match.Condition.Move.Up" />
  <action id="ChangesView.AddUnversioned">
    <keyboard-shortcut first-keystroke="ctrl alt a" />
    <keyboard-shortcut first-keystroke="alt g" second-keystroke="alt a" />
  </action>
  <action id="ChangesView.Revert">
    <keyboard-shortcut first-keystroke="ctrl alt z" />
    <keyboard-shortcut first-keystroke="alt g" second-keystroke="alt u" />
  </action>
  <action id="CheckinProject" />
  <action id="CollapseRegion">
    <keyboard-shortcut first-keystroke="shift ctrl open_bracket" />
  </action>
  <action id="CommentByBlockComment">
    <keyboard-shortcut first-keystroke="shift ctrl slash" />
    <keyboard-shortcut first-keystroke="ctrl k" second-keystroke="ctrl c" />
    <keyboard-shortcut first-keystroke="ctrl k" second-keystroke="ctrl u" />
  </action>
  <action id="CommentByLineComment">
    <keyboard-shortcut first-keystroke="ctrl slash" />
    <keyboard-shortcut first-keystroke="ctrl divide" />
  </action>
  <action id="Compare.SameVersion">
    <keyboard-shortcut first-keystroke="alt g" second-keystroke="alt d" />
  </action>
  <action id="Compare.Selected">
    <keyboard-shortcut first-keystroke="alt g" second-keystroke="alt c" />
  </action>
  <action id="CompareTwoFiles" />
  <action id="Console.Execute.Multiline" />
  <action id="Console.Jdbc.Execute" />
  <action id="Console.Jdbc.Terminate" />
  <action id="DatabaseView.CloseConnectionAction" />
  <action id="Debug">
    <keyboard-shortcut first-keystroke="shift f5" />
  </action>
  <action id="Diff.ApplyLeftSide" />
  <action id="Diff.ShowDiff" />
  <action id="DirDiffMenu.SynchronizeDiff.All" />
  <action id="Docker.RemoteServers.StopComposeService" />
  <action id="Docker.RemoteServers.StopContainer" />
  <action id="EditorAddOrRemoveCaret">
    <mouse-shortcut keystroke="shift alt button1" />
  </action>
  <action id="EditorCloneCaretAbove">
    <keyboard-shortcut first-keystroke="shift alt up" />
  </action>
  <action id="EditorCloneCaretBelow">
    <keyboard-shortcut first-keystroke="shift alt down" />
  </action>
  <action id="EditorCodeBlockEndWithSelection" />
  <action id="EditorCodeBlockStartWithSelection" />
  <action id="EditorCreateRectangularSelectionOnMouseDrag">
    <mouse-shortcut keystroke="button2" />
  </action>
  <action id="EditorCutLineEnd">
    <keyboard-shortcut first-keystroke="ctrl l" />
  </action>
  <action id="EditorDeleteLine">
    <keyboard-shortcut first-keystroke="shift ctrl l" />
  </action>
  <action id="EditorIndentLineOrSelection">
    <keyboard-shortcut first-keystroke="ctrl close_bracket" />
  </action>
  <action id="EditorMatchBrace">
    <keyboard-shortcut first-keystroke="shift ctrl back_slash" />
  </action>
  <action id="EditorSelectWord">
    <keyboard-shortcut first-keystroke="shift alt right" />
  </action>
  <action id="EditorStartNewLineBefore">
    <keyboard-shortcut first-keystroke="ctrl enter" />
  </action>
  <action id="EditorToggleCase">
    <keyboard-shortcut first-keystroke="shift ctrl u" />
    <keyboard-shortcut first-keystroke="alt close_bracket" />
    <keyboard-shortcut first-keystroke="alt open_bracket" />
  </action>
  <action id="EditorToggleUseSoftWraps">
    <keyboard-shortcut first-keystroke="alt z" />
  </action>
  <action id="EditorUnindentSelection">
    <keyboard-shortcut first-keystroke="shift tab" />
    <keyboard-shortcut first-keystroke="ctrl open_bracket" />
  </action>
  <action id="ExpandRegion">
    <keyboard-shortcut first-keystroke="shift ctrl close_bracket" />
  </action>
  <action id="FindNext">
    <keyboard-shortcut first-keystroke="f3" />
  </action>
  <action id="FindPrevious">
    <keyboard-shortcut first-keystroke="shift f3" />
  </action>
  <action id="Git.Commit.And.Push.Executor" />
  <action id="Git.CompareWithBranch">
    <keyboard-shortcut first-keystroke="alt g" second-keystroke="alt b" />
  </action>
  <action id="Git.Fetch">
    <keyboard-shortcut first-keystroke="alt g" second-keystroke="alt f" />
  </action>
  <action id="Git.Merge">
    <keyboard-shortcut first-keystroke="alt g" second-keystroke="alt m" />
  </action>
  <action id="Git.Rebase">
    <keyboard-shortcut first-keystroke="alt g" second-keystroke="alt r" />
  </action>
  <action id="Graph.ActualSize" />
  <action id="Graph.ApplyCurrentLayout" />
  <action id="Graph.RouteEdges" />
  <action id="Hg.Commit.And.Push.Executor" />
  <action id="Images.Editor.ActualSize" />
  <action id="LocalHistory">
    <keyboard-shortcut first-keystroke="alt g" second-keystroke="alt h" />
  </action>
  <action id="MethodDown" />
  <action id="MethodUp" />
  <action id="MoveLineDown">
    <keyboard-shortcut first-keystroke="alt down" />
  </action>
  <action id="MoveLineUp">
    <keyboard-shortcut first-keystroke="alt up" />
  </action>
  <action id="NextEditorTab" />
  <action id="QuickChangeScheme" />
  <action id="ReformatCode">
    <keyboard-shortcut first-keystroke="ctrl k" second-keystroke="ctrl d" />
  </action>
  <action id="Resume" />
  <action id="Run">
    <keyboard-shortcut first-keystroke="f5" />
  </action>
  <action id="RunDashboard.Stop" />
  <action id="RunInspection" />
  <action id="SelectAllOccurrences">
    <keyboard-shortcut first-keystroke="shift ctrl k" />
  </action>
  <action id="SelectNextOccurrence">
    <keyboard-shortcut first-keystroke="ctrl w" />
  </action>
  <action id="ShowBookmarks" />
  <action id="ShowContent" />
  <action id="ShowExecutionPoint">
    <keyboard-shortcut first-keystroke="alt multiply" />
  </action>
  <action id="ShowReformatFileDialog">
    <keyboard-shortcut first-keystroke="ctrl k" second-keystroke="ctrl f" />
  </action>
  <action id="ShowSearchHistory" />
  <action id="ShowUmlDiagram" />
  <action id="SplitVertically">
    <keyboard-shortcut first-keystroke="ctrl back_slash" />
  </action>
  <action id="Stop">
    <keyboard-shortcut first-keystroke="f6" />
  </action>
  <action id="StringManipulation.ToCamelCase">
    <keyboard-shortcut first-keystroke="alt semicolon" />
  </action>
  <action id="ToggleBookmark">
    <keyboard-shortcut first-keystroke="ctrl alt k" />
  </action>
  <action id="ToggleZenMode">
    <keyboard-shortcut first-keystroke="shift alt z" />
  </action>
  <action id="Vcs.Push">
    <keyboard-shortcut first-keystroke="alt g" second-keystroke="alt p" />
  </action>
  <action id="Vcs.QuickListPopupAction">
    <keyboard-shortcut first-keystroke="alt back_quote" />
    <keyboard-shortcut first-keystroke="alt g" second-keystroke="alt g" />
  </action>
  <action id="Vcs.ShowMessageHistory" />
  <action id="Vcs.ShowTabbedFileHistory">
    <keyboard-shortcut first-keystroke="alt g" second-keystroke="alt s" />
  </action>
  <action id="ViewSource" />
  <action id="XDebugger.MoveWatchDown" />
  <action id="com.intellij.lang.jsgraphql.v1.ide.actions.JSGraphQLExecuteEditorAction" />
  <action id="de.netnexus.CamelCasePlugin.ToggleCamelCase">
    <keyboard-shortcut first-keystroke="shift alt u" />
    <keyboard-shortcut first-keystroke="alt quote" />
  </action>
  <action id="osmedile.intellij.stringmanip.ToLowerCaseAction">
    <keyboard-shortcut first-keystroke="alt open_bracket" />
  </action>
  <action id="osmedile.intellij.stringmanip.ToUpperCaseAction">
    <keyboard-shortcut first-keystroke="alt close_bracket" />
  </action>
  <action id="osmedile.intellij.stringmanip.WordsCapitalizeAction">
    <keyboard-shortcut first-keystroke="alt quote" />
  </action>
</keymap>