<application>
  <component name="GeneralSettings">
    <option name="confirmOpenNewProject2" value="0" />
    <option name="reopenLastProject" value="false" />
    <option name="showTipsOnStartup" value="false" />
  </component>
  <component name="Registry">
    <entry key="rdclient.backend.actionHandlers" value="false" />
    <entry key="THIN_CLIENT_EXTERNAL_SYSTEM.system.in.process" value="true" />
    <entry key="ide.balloon.shadow.size" value="0" />
    <entry key="ide.experimental.ui" value="false" />
  </component>
</application>